{"cameraMode":{"drawMode":0,"name":"Shaded","section":"Shading Mode"},"sceneLighting":true,"audioPlay":false,"sceneViewState":{"showFog":true,"showMaterialUpdate":false,"showSkybox":true,"showFlares":true,"showImageEffects":true,"showParticleSystems":true},"in2DMode":false,"pivot":{"x":-20.671268463134767,"y":37.953651428222659,"z":-12.241340637207032},"rotation":{"x":0.16101324558258058,"y":0.39062201976776125,"z":-0.06959892064332962,"w":0.9036841988563538},"size":90.79952239990235,"orthographic":true}